{"cameraMode":{"drawMode":0,"name":"Shaded","section":"Shading Mode"},"sceneLighting":true,"audioPlay":false,"sceneViewState":{"m_AlwaysRefresh":false,"showFog":true,"showSkybox":true,"showFlares":true,"showImageEffects":true,"showParticleSystems":true,"showVisualEffectGraphs":true,"m_FxEnabled":true},"in2DMode":false,"pivot":{"x":0.7210705876350403,"y":-0.3039231300354004,"z":1.8913332223892213},"rotation":{"x":-0.31181052327156069,"y":-0.25876253843307497,"z":0.08867210149765015,"w":-0.909903883934021},"size":2.0193214416503908,"orthographic":false}